{
  "v": "5.5.2",
  "fr": 60,
  "ip": 0,
  "op": 104,
  "w": 84,
  "h": 40,
  "nm": "Typing-Indicator",
  "ddd": 0,
  "assets": [],
  "layers": [
    {
      "ddd": 0,
      "ind": 1,
      "ty": 4,
      "nm": "Oval 3",
      "sr": 1,
      "ks": {
        "o": {
          "a": 1,
          "k": [
            {
              "i": { "x": [0.643], "y": [1] },
              "o": { "x": [1], "y": [0] },
              "t": 18,
              "s": [35],
              "e": [100]
            },
            {
              "i": { "x": [0.099], "y": [1] },
              "o": { "x": [0.129], "y": [0] },
              "t": 33,
              "s": [100],
              "e": [35]
            },
            {
              "i": { "x": [0.833], "y": [1] },
              "o": { "x": [0.167], "y": [0] },
              "t": 65,
              "s": [35],
              "e": [35]
            },
            { "t": 71 }
          ],
          "ix": 11,
          "x": "var $bm_rt;\n$bm_rt = loopOut('cycle', 0);"
        },
        "r": { "a": 0, "k": 0, "ix": 10 },
        "p": { "a": 0, "k": [61, 20, 0], "ix": 2 },
        "a": { "a": 0, "k": [0, 0, 0], "ix": 1 },
        "s": {
          "a": 1,
          "k": [
            {
              "i": { "x": [0.667, 0.667, 0.667], "y": [1, 1, 1] },
              "o": { "x": [1, 1, 0.333], "y": [0, 0, 0] },
              "t": 18,
              "s": [100, 100, 100],
              "e": [140, 140, 100]
            },
            {
              "i": { "x": [0.032, 0.032, 0.667], "y": [1, 1, 1] },
              "o": { "x": [0.217, 0.217, 0.333], "y": [0, 0, 0] },
              "t": 33,
              "s": [140, 140, 100],
              "e": [100, 100, 100]
            },
            {
              "i": { "x": [0.833, 0.833, 0.833], "y": [1, 1, 1] },
              "o": { "x": [0.167, 0.167, 0.167], "y": [0, 0, 0] },
              "t": 65,
              "s": [100, 100, 100],
              "e": [100, 100, 100]
            },
            { "t": 71 }
          ],
          "ix": 6,
          "x": "var $bm_rt;\n$bm_rt = loopOut('cycle', 0);"
        }
      },
      "ao": 0,
      "shapes": [
        {
          "ty": "gr",
          "it": [
            {
              "d": 1,
              "ty": "el",
              "s": { "a": 0, "k": [12, 12], "ix": 2 },
              "p": { "a": 0, "k": [0, 0], "ix": 3 },
              "nm": "Ellipse Path 1",
              "mn": "ADBE Vector Shape - Ellipse",
              "hd": false
            },
            {
              "ty": "fl",
              "c": {
                "a": 0,
                "k": [0.847000002861, 0.847000002861, 0.847000002861, 1],
                "ix": 4
              },
              "o": { "a": 0, "k": 100, "ix": 5 },
              "r": 1,
              "bm": 0,
              "nm": "Fill 1",
              "mn": "ADBE Vector Graphic - Fill",
              "hd": false
            },
            {
              "ty": "tr",
              "p": { "a": 0, "k": [0, 0], "ix": 2 },
              "a": { "a": 0, "k": [0, 0], "ix": 1 },
              "s": { "a": 0, "k": [100, 100], "ix": 3 },
              "r": { "a": 0, "k": 0, "ix": 6 },
              "o": { "a": 0, "k": 100, "ix": 7 },
              "sk": { "a": 0, "k": 0, "ix": 4 },
              "sa": { "a": 0, "k": 0, "ix": 5 },
              "nm": "Transform"
            }
          ],
          "nm": "Oval 3",
          "np": 2,
          "cix": 2,
          "bm": 0,
          "ix": 1,
          "mn": "ADBE Vector Group",
          "hd": false
        }
      ],
      "ip": 0,
      "op": 3600,
      "st": 0,
      "bm": 0
    },
    {
      "ddd": 0,
      "ind": 2,
      "ty": 4,
      "nm": "Oval 2",
      "sr": 1,
      "ks": {
        "o": {
          "a": 1,
          "k": [
            {
              "i": { "x": [0.667], "y": [1] },
              "o": { "x": [1], "y": [0] },
              "t": 9,
              "s": [35],
              "e": [98]
            },
            {
              "i": { "x": [0.023], "y": [1] },
              "o": { "x": [0.179], "y": [0] },
              "t": 24,
              "s": [98],
              "e": [35]
            },
            {
              "i": { "x": [0.833], "y": [1] },
              "o": { "x": [0.167], "y": [0] },
              "t": 56,
              "s": [35],
              "e": [35]
            },
            { "t": 62 }
          ],
          "ix": 11,
          "x": "var $bm_rt;\n$bm_rt = loopOut('cycle', 0);"
        },
        "r": { "a": 0, "k": 0, "ix": 10 },
        "p": { "a": 0, "k": [41, 20, 0], "ix": 2 },
        "a": { "a": 0, "k": [0, 0, 0], "ix": 1 },
        "s": {
          "a": 1,
          "k": [
            {
              "i": { "x": [0.654, 0.654, 0.667], "y": [1, 1, 1] },
              "o": { "x": [1, 1, 0.333], "y": [0, 0, 0] },
              "t": 9,
              "s": [100, 100, 100],
              "e": [140, 140, 100]
            },
            {
              "i": { "x": [0.11, 0.11, 0.667], "y": [1, 1, 1] },
              "o": { "x": [0.205, 0.205, 0.333], "y": [0, 0, 0] },
              "t": 24,
              "s": [140, 140, 100],
              "e": [100, 100, 100]
            },
            {
              "i": { "x": [0.833, 0.833, 0.833], "y": [1, 1, 1] },
              "o": { "x": [0.167, 0.167, 0.167], "y": [0, 0, 0] },
              "t": 56,
              "s": [100, 100, 100],
              "e": [100, 100, 100]
            },
            { "t": 62 }
          ],
          "ix": 6,
          "x": "var $bm_rt;\n$bm_rt = loopOut('cycle', 0);"
        }
      },
      "ao": 0,
      "shapes": [
        {
          "ty": "gr",
          "it": [
            {
              "d": 1,
              "ty": "el",
              "s": { "a": 0, "k": [12, 12], "ix": 2 },
              "p": { "a": 0, "k": [0, 0], "ix": 3 },
              "nm": "Ellipse Path 1",
              "mn": "ADBE Vector Shape - Ellipse",
              "hd": false
            },
            {
              "ty": "fl",
              "c": {
                "a": 0,
                "k": [0.847000002861, 0.847000002861, 0.847000002861, 1],
                "ix": 4
              },
              "o": { "a": 0, "k": 100, "ix": 5 },
              "r": 1,
              "bm": 0,
              "nm": "Fill 1",
              "mn": "ADBE Vector Graphic - Fill",
              "hd": false
            },
            {
              "ty": "tr",
              "p": { "a": 0, "k": [0, 0], "ix": 2 },
              "a": { "a": 0, "k": [0, 0], "ix": 1 },
              "s": { "a": 0, "k": [100, 100], "ix": 3 },
              "r": { "a": 0, "k": 0, "ix": 6 },
              "o": { "a": 0, "k": 100, "ix": 7 },
              "sk": { "a": 0, "k": 0, "ix": 4 },
              "sa": { "a": 0, "k": 0, "ix": 5 },
              "nm": "Transform"
            }
          ],
          "nm": "Oval 2",
          "np": 2,
          "cix": 2,
          "bm": 0,
          "ix": 1,
          "mn": "ADBE Vector Group",
          "hd": false
        }
      ],
      "ip": 0,
      "op": 3600,
      "st": 0,
      "bm": 0
    },
    {
      "ddd": 0,
      "ind": 3,
      "ty": 4,
      "nm": "Oval 1",
      "sr": 1,
      "ks": {
        "o": {
          "a": 1,
          "k": [
            {
              "i": { "x": [0.667], "y": [1] },
              "o": { "x": [1], "y": [0] },
              "t": 0,
              "s": [35],
              "e": [100]
            },
            {
              "i": { "x": [0.067], "y": [1] },
              "o": { "x": [0.125], "y": [0] },
              "t": 15,
              "s": [100],
              "e": [35]
            },
            {
              "i": { "x": [0.833], "y": [1] },
              "o": { "x": [0.167], "y": [0] },
              "t": 47,
              "s": [35],
              "e": [35]
            },
            { "t": 53 }
          ],
          "ix": 11,
          "x": "var $bm_rt;\n$bm_rt = loopOut('cycle', 0);"
        },
        "r": { "a": 0, "k": 0, "ix": 10 },
        "p": { "a": 0, "k": [21, 20, 0], "ix": 2 },
        "a": { "a": 0, "k": [0, 0, 0], "ix": 1 },
        "s": {
          "a": 1,
          "k": [
            {
              "i": { "x": [0.673, 0.673, 0.667], "y": [1, 1, 1] },
              "o": { "x": [1, 1, 0.333], "y": [0, 0, 0] },
              "t": 0,
              "s": [100, 100, 100],
              "e": [140, 140, 100]
            },
            {
              "i": { "x": [0.049, 0.049, 0.667], "y": [1, 1, 1] },
              "o": { "x": [0.198, 0.198, 0.333], "y": [0, 0, 0] },
              "t": 15,
              "s": [140, 140, 100],
              "e": [100, 100, 100]
            },
            {
              "i": { "x": [0.833, 0.833, 0.833], "y": [1, 1, 1] },
              "o": { "x": [0.167, 0.167, 0.167], "y": [0, 0, 0] },
              "t": 47,
              "s": [100, 100, 100],
              "e": [100, 100, 100]
            },
            { "t": 53 }
          ],
          "ix": 6,
          "x": "var $bm_rt;\n$bm_rt = loopOut('cycle', 0);"
        }
      },
      "ao": 0,
      "shapes": [
        {
          "ty": "gr",
          "it": [
            {
              "d": 1,
              "ty": "el",
              "s": { "a": 0, "k": [12, 12], "ix": 2 },
              "p": { "a": 0, "k": [0, 0], "ix": 3 },
              "nm": "Ellipse Path 1",
              "mn": "ADBE Vector Shape - Ellipse",
              "hd": false
            },
            {
              "ty": "fl",
              "c": {
                "a": 0,
                "k": [0.847000002861, 0.847000002861, 0.847000002861, 1],
                "ix": 4
              },
              "o": { "a": 0, "k": 100, "ix": 5 },
              "r": 1,
              "bm": 0,
              "nm": "Fill 1",
              "mn": "ADBE Vector Graphic - Fill",
              "hd": false
            },
            {
              "ty": "tr",
              "p": { "a": 0, "k": [0, 0], "ix": 2 },
              "a": { "a": 0, "k": [0, 0], "ix": 1 },
              "s": { "a": 0, "k": [100, 100], "ix": 3 },
              "r": { "a": 0, "k": 0, "ix": 6 },
              "o": { "a": 0, "k": 100, "ix": 7 },
              "sk": { "a": 0, "k": 0, "ix": 4 },
              "sa": { "a": 0, "k": 0, "ix": 5 },
              "nm": "Transform"
            }
          ],
          "nm": "Oval 1",
          "np": 2,
          "cix": 2,
          "bm": 0,
          "ix": 1,
          "mn": "ADBE Vector Group",
          "hd": false
        }
      ],
      "ip": 0,
      "op": 3600,
      "st": 0,
      "bm": 0
    },
    {
      "ddd": 0,
      "ind": 4,
      "ty": 4,
      "nm": "BG",
      "sr": 1,
      "ks": {
        "o": { "a": 0, "k": 100, "ix": 11 },
        "r": { "a": 0, "k": 0, "ix": 10 },
        "p": { "a": 0, "k": [42, 20, 0], "ix": 2 },
        "a": { "a": 0, "k": [0, 0, 0], "ix": 1 },
        "s": { "a": 0, "k": [100, 100, 100], "ix": 6 }
      },
      "ao": 0,
      "shapes": [
        {
          "ty": "gr",
          "it": [
            {
              "ind": 0,
              "ty": "sh",
              "ix": 1,
              "ks": {
                "a": 0,
                "k": {
                  "i": [
                    [0, 0],
                    [0, 0],
                    [0, 0],
                    [0, 0]
                  ],
                  "o": [
                    [0, 0],
                    [0, 0],
                    [0, 0],
                    [0, 0]
                  ],
                  "v": [
                    [-42, -20],
                    [42, -20],
                    [42, 20],
                    [-42, 20]
                  ],
                  "c": true
                },
                "ix": 2
              },
              "nm": "Path 1",
              "mn": "ADBE Vector Shape - Group",
              "hd": false
            },
            {
              "ty": "rd",
              "nm": "Round Corners 1",
              "r": { "a": 0, "k": 20, "ix": 1 },
              "ix": 2,
              "mn": "ADBE Vector Filter - RC",
              "hd": false
            },
            {
              "ty": "fl",
              "c": {
                "a": 0,
                "k": [0.96078401804, 0.96078401804, 0.96078401804, 1],
                "ix": 4
              },
              "o": { "a": 0, "k": 100, "ix": 5 },
              "r": 1,
              "bm": 0,
              "nm": "Fill 1",
              "mn": "ADBE Vector Graphic - Fill",
              "hd": false
            },
            {
              "ty": "tr",
              "p": { "a": 0, "k": [0, 0], "ix": 2 },
              "a": { "a": 0, "k": [0, 0], "ix": 1 },
              "s": { "a": 0, "k": [100, 100], "ix": 3 },
              "r": { "a": 0, "k": 0, "ix": 6 },
              "o": { "a": 0, "k": 100, "ix": 7 },
              "sk": { "a": 0, "k": 0, "ix": 4 },
              "sa": { "a": 0, "k": 0, "ix": 5 },
              "nm": "Transform"
            }
          ],
          "nm": "BG",
          "np": 3,
          "cix": 2,
          "bm": 0,
          "ix": 1,
          "mn": "ADBE Vector Group",
          "hd": false
        }
      ],
      "ip": 0,
      "op": 3600,
      "st": 0,
      "bm": 0
    }
  ],
  "markers": []
}
